IAB Keyword,One_Hop_Edges_Count,10 Examples
Science,3518,"['Expressive_power_(computer_science)', 'Marian_Koshland_Science_Museum', 'Minister_of_Energy,_Science,_Technology,_Environment_and_Climate_Change_(Malaysia)', 'Trends_(journals)', 'Saint_Louis_Science_Center', 'Perihelion_Science_Fiction', 'Force_field_(fiction)', 'Hanns_Martin_Schleyer_Foundation', 'Size_change_in_fiction', 'Military_Institute_of_Science_and_Technology']"
Real Estate,330,"['Pennsylvania_Real_Estate_Investment_Trust', 'Daniels_College_of_Business', 'Chevron_Corporation', 'Healthcare_real_estate', 'Prudential_Financial', 'Association_of_Real_Estate_Taxpayers', 'Real_estate_in_Panama', 'GE_Capital', 'Link_REIT', 'KEYreit']"
Shopping,569,"['Sylvania,_New_South_Wales', 'Olympus_Hills_Shopping_Center', 'List_of_shopping_centres_in_Australia', 'MetroCentre_(shopping_centre)', 'Chirnside_Park_Shopping_Centre', 'Union_Square_Aberdeen', 'Zolitūde_shopping_centre_roof_collapse', 'Armadale,_Western_Australia', 'List_of_Westfield_shopping_centres', 'Danbury_Fair_(shopping_mall)']"
Pop Culture,2700,"['Hype_(TV_series)', 'Devil_(disambiguation)', 'ECW_Press', 'Automat', 'Nightclubbing_(Grace_Jones_album)', 'Driven_To_Perform', 'Mark_Fisher', 'List_of_awards_and_nominations_received_by_Sam_Smith', 'Cecilia_Dougherty', ""Panahon_Ko_'to!:_Ang_Game_Show_ng_Buhay_Ko""]"
Movies,1734,"['Pokémon_the_Movie:_Kyurem_vs._the_Sword_of_Justice', 'The_Lego_Movie_2_Videogame', 'Dirty_Sanchez_(TV_series)', 'Invader_Zim:_Enter_the_Florpus', 'Bratz_Babyz', 'Town_&_Country_(film)', 'Titanic_(1997_film)', 'Hiroshima:_The_Movie', ""Win's_Entertainment"", 'American_Movie']"
Medical Health,325,"['Bryan_Health', 'Disease', 'National_Health_and_Medical_Research_Council', 'Estradiol_(medication)', ""Dignity_Health_St._Joseph's_Hospital_and_Medical_Center"", 'Universal_Health_Services', 'Parkview_Health', 'Augusta_University_Medical_Center', 'Healthcare_in_Thailand', 'Medical_tourism']"
Education,7175,"['Hasan_Abdullah_Ismaik', 'Treasure_Cove!', 'Visa_policy_of_the_United_States', 'Noel_Pearson', 'Easmon_family', 'Ingetraut_Dahlberg', 'Phyllis_Wallbank', 'Polygamy_in_Bahrain', 'Sanusi_Ohiare', 'Ali_Shah_Bukhari']"
Automotive,338,"['NAMI_(automotive_institute)', 'Automotive_lighting', 'Fachhochschule', 'Carver_(automotive_company)', 'Automotive_X_Prize', 'SAIC_Motor', 'Car_dealership', 'Rallying', 'Australian_Manufacturing_Workers_Union', 'Automotive_Crash_Injury_Research_Center']"
Events and Attractions,812,"['Earthquake', 'Microearthquake', '2015_European_Diving_Championships_–_Team_event', 'Pegasus_(Efteling)', 'Magnetic_reconnection', 'GRB_080319B', 'Pro_Challenge_Series_–_Event_5', 'Ball_(dance_party)', 'Sprint_(running)', 'Diving_at_the_2014_European_Aquatics_Championships_–_Team_event']"
Pets,387,"['Hermit_crab', 'List_of_Penthouse_Pets', 'Littlest_Pet_Shop', 'Ferret', 'Pet–friendly_hotels', 'Brian_Wilson_Presents_Pet_Sounds_Live', 'Veterinary_medicine', 'Chinchilla', 'Tub_Ring', 'Gary_Dahl_(entrepreneur)']"
Books and Literature,4190,"['Motif_(narrative)', 'The_Cup_(book)', 'Book_of_Southern_Tang_(Ma_Ling)', 'Chiaroscuro_(IDW_Publishing)', 'Office_of_Film_and_Literature_Classification', 'Lanford_Wilson', 'Tie-in', 'The_Big_Book_Of', 'Book_of_Dede_Korkut', 'Open-access_monograph']"
Television,2903,"['Dr._Bhupen_Hazarika_Regional_Government_Film_and_Television_Institute', ""Children's_programming_on_ABC_Television"", 'WTTV', 'HKTV', '2016–17_United_States_network_television_schedule_(daytime)', 'Gala_Television', '1987–88_United_States_network_television_schedule', 'The_Avengers_(TV_series)', 'Vintage_Television', 'Grampian_Television']"
Music and Audio,6644,"['Music_(disambiguation)', 'Sanremo_Music_Festival_1990', 'List_of_early_music_ensembles', 'Output', 'Sub-Saharan_African_music_traditions', 'Mákina', 'Digital_Audio_Broadcasting', 'Focusrite', 'Modular_music', 'Xfinity_Theatre']"
Travel,812,"['Travelport', 'One_Man_and_His_Bog', 'Drug_tourism', 'Voucher', 'Blackout_date', 'East_Surrey_College', 'The_Sound_of_His_Horn', 'Weg!', 'Ian_Wright_(traveller)', 'List_of_exports_of_Australia']"
Home & Garden,4234,"['Qiuxia_Garden', 'Home_Town_Hero', 'Home_to_Roost_(album)', 'Private_housing_estates_in_Hong_Kong', 'The_Man_Who_Stayed_at_Home_(play)', 'Huntington_Library', 'Garden_town_(disambiguation)', 'Home_Credit', 'Astor_Home_for_Children', 'Exbury_Gardens']"
Hobbies & Interests,421,"['Hobby:tech', 'Interest_of_the_company', 'List_of_hobbies', 'European_Centre_of_Enterprises_with_Public_Participation_and_of_Enterprises_of_General_Economic_Interest', 'List_of_sites_of_special_scientific_interest_in_the_Brecon_Beacons_National_Park', 'The_Hobby_Horse', 'Association_for_Behavioral_and_Cognitive_Therapies', 'Internet_forum', 'List_of_Sites_of_Special_Scientific_Interest_in_Somerset', 'Special_Interest_Group_on_Information_Retrieval']"
Video Gaming,232,"['Achievement_(video_games)', 'Incremental_game', '1982_in_video_games', 'Video_games_in_France', 'Video_games_in_Ireland', 'Lag', 'Game_replay', '2000s_in_video_games', 'Glossary_of_video_game_terms', '1979_in_video_games']"
Technology & Computing,3915,"['Resource_(disambiguation)', 'Gateway_Technology', 'Ministry_of_Industry,_Science,_Technology_and_Innovation_(Cambodia)', 'Power_Computing_Corporation', 'ISAM', 'Directorate_for_Science_and_Technology', 'Crystal_Computing', 'Power_electronics', 'Tennessee_Colleges_of_Applied_Technology', 'Technology_in_veterinary_medicine']"
Healthy Living,19,"['Lifestyle_(sociology)', 'Self-care', 'MSN', 'Advance_healthcare_directive', 'BC_Healthy_Living_Alliance', 'Health', 'Wellness', 'Russia', 'Another_Mother_for_Peace', 'Fitness and Exercise']"
Sports,1960,"['1._Oberösterreichischer_Rugby_Sport_Club', 'Drought_(sport)', 'Submission_(combat_sports)', 'Sunday_Sport', 'Palace_of_Sports', 'RSN_Racing_&_Sport', 'Sport_in_Saint_Petersburg', 'Cross_country_running', 'Al-Najma_SC', 'Leixões_S.C.']"
Food & Drink,2686,"[""Cupid's_Kitchen"", 'Richard_Caring', ""DeMet's_Candy_Company"", 'Potted_meat_food_product', 'Food_industry', 'Fruit_snack', 'La_Vie_Claire', 'Taho', 'Health_effects_of_wine', ""Frankie's""]"
Fine Art,408,"['State_Academy_of_Fine_Arts_Stuttgart', 'Banff_Centre_for_Arts_and_Creativity', 'Nationalmuseum', 'Museum_of_Fine_Arts_of_Lyon', 'Jan_Matejko_Academy_of_Fine_Arts', 'Norwegian_National_Academy_of_Fine_Arts', 'Scheps_v_Fine_Art_Logistic_Ltd', 'San_Diego_State_University_College_of_Professional_Studies_&_Fine_Arts', 'National_Museum_of_Fine_Arts_(Manila)', 'Texas_Christian_University']"
Religion & Spirituality,3009,"['Religion_in_the_Republic_of_the_Congo', 'Vincent_Mantsoe', 'Religion_in_Montenegro', 'List_of_Fraggle_Rock_characters', 'Jess_Stearn', 'Thea_Bowman', 'Soul_Rush', 'Religion_&_Ethics_Newsweekly', 'Indian_religions', 'Robin_Kankapankatja']"
Family and Relationships,3928,"['Fabolous', 'Hominidae', 'American_College_of_Osteopathic_Family_Physicians', '1998_Family_Circle_Cup_–_Singles', 'Running_in_the_Family_(memoir)', 'Royal_Family_Order_of_Elizabeth_II', 'Harlay', 'The_Gonzaga_Family_in_Adoration_of_the_Holy_Trinity', 'Family_Life_Network', 'Family_Table_Tennis']"
Style & Fashion,3090,"['Louis_Hippolyte_Leroy', 'Culture_jamming', 'Ivar_(brand)', 'Doggy_style_(disambiguation)', 'Viktor_&_Rolf', 'Pabst_Brewing_Company', 'Homorhythm', 'I-house', 'Style_Savvy:_Trendsetters', 'William_Style']"
Business and Finance,2964,"['Glossary_of_economics', 'List_of_museums_and_cultural_institutions_in_New_York_City', 'Marquette_University_College_of_Business_Administration', 'Virgin_Money', 'NIU_College_of_Business', 'Diploma_of_Financial_Studies', 'NCBA_Group_Plc', 'Association_for_Corporate_Growth', 'Cloud_Elements', 'Ultimate_oscillator']"
Religious Events,3,"['Religious_Studies_Center', 'Syria', 'Sport']"
Air Travel,54,"['Air_transport_in_the_United_Kingdom', 'Universal_Air_Travel_Plan', 'Aircraft_Transport_and_Travel', 'Science_fiction', 'Air_Travel_(airline)', 'Airline_consolidator', 'Credit_card', 'Black_Wednesday_(air_travel)', 'MyTravel_Group', 'Smartwings']"
Musical Instruments,267,"['List_of_musical_instruments_by_Hornbostel–Sachs_number:_312.11', 'List_of_U.S._state_instruments', 'Pepa_(instrument)', 'ROLI_Seaboard', 'Barbra_Streisand...and_Other_Musical_Instruments', 'List_of_musical_instruments_by_Hornbostel–Sachs_number:_111.1', 'MIDI', 'Triangle_(musical_instrument)', 'Trigono_(instrument)', 'Bate_Collection_of_Musical_Instruments']"
Wellness,7,"['Paul_Weller', 'Orson_Welles', 'H._G._Wells', 'Wells,_Somerset', 'Tunbridge_Wells_F.C.', 'University_of_Iowa', 'Royal_Tunbridge_Wells']"
Asia Travel,22,"['Sri_Lanka', 'Azerbaijan', 'Japan', 'South_Korea', 'Turkey', 'Pakistan', 'Indonesia', 'History_of_rail_transport', 'Science_fiction', 'TLC_(Asian_TV_channel)']"
Consumer Electronics,967,"['Concealment_device', 'CNET', 'Toshiba', 'Darajani_Market', 'Umidigi', 'Allview', 'High-definition_optical_disc_format_war', 'Monolithic_Power_Systems', 'Usage_share_of_operating_systems', 'The_Verge']"
Graduation,897,"['Raffaele_Molin', 'Prisons_in_India', 'Duluth_Entertainment_Convention_Center', 'Gimnasio_Universitario_UACJ', 'Haruka_Kudō_(singer)', 'Laura_Allen', 'End_of_Course_Test', '2011_University_of_Cambridge_Chancellor_election', 'Lloyd_Christ_Wicke', 'Central_Medical_College']"
Travel Locations,11,"['Global_nomad', 'North America Travel', 'Science_fiction', 'Europe Travel', 'Polar Travel', 'Envisioning_Asia', 'Africa Travel', 'Iran', 'South America Travel', 'Australia and Oceania Travel']"
Commercial Trucks,16,"['Sri_Lanka', 'Prostitution', 'Los_Angeles', 'Trucking_industry_in_the_United_States', ""Commercial_driver's_license"", 'Track_(rail_transport)', 'Clydesdale_Motor_Truck_Company', 'Truck_classification', 'Eicher_Motors', 'Single_(music)']"
Theater Venues and Events,651,"['Yosemite_Firefall', 'Independence_(probability_theory)', 'Costs_in_English_law', 'Border_Wars_(2012)', 'Figure_skating_at_the_2014_Winter_Olympics_–_Team_event', 'Arctic_sea_ice_decline', '2012_–_Event_5', 'Beylerbeyi_event', 'Event_dispatching_thread', 'Event_loop']"
Station Wagon,2088,"['Rango_(video_game)', 'Dodge_Lancer', 'Tocumwal_railway_station', 'Mercury_Montego__1972–1976__1', 'Alfa_Romeo_Giulietta', 'Chevrolet_Kingswood__First_generation__1', 'Kaiser_Motors', 'Mercury_Marquis', 'Ford_Country_Squire__Eighth_generation_Panther__1', 'Dodge_Polara__First_generation__1']"
Dogs,3008,"['Ephesian_Tale', 'Wrong_(film)', 'Cuarenta', 'Wire-haired', 'Axe_Cop', 'Tiger_and_the_Duke', 'Pazuzu_(The_Exorcist)', 'Lightning_(dog)', 'List_of_Rescue_911_episodes', 'Vladimir_Kulich']"
Concerts & Music Events,782,"['Stephen_Colbert', 'Jane_Olivor', 'Dance_Again_World_Tour', 'Concert_of_The_Hague_(1659)', 'Live_in_Concert_1998', 'List_of_Mallu_Magalhães_concert_tours', 'Martin_Nievera', 'Michel_Polnareff', 'In_Concert_(TV_series)', 'Choir']"
Grocery Shopping,5,"['Shopping_bag', 'List_of_The_Price_Is_Right_pricing_games', 'Grocery_store', 'Shopping_cart', 'Retail']"
Hair Care,8,"['Hair_care', 'OMICS_Publishing_Group', 'Rusk_(hair_care)', 'AG_Hair', 'Bay_(horse)', 'The_Luke_&_Duane_Show', 'List_of_The_Suite_Life_of_Zack_&_Cody_episodes', 'Professional_wrestling_match_types']"
Landscaping,13,"['Landscape_design', 'Foodscaping', 'List_of_garden_features', 'Goat', 'Xeriscaping', 'Landscaping', 'Sustainable_landscaping', 'Patent_map', 'Natural_landscaping', 'Urban_park']"
Aviation Industry,22,"['China_Aviation_Industry_Corporation_II', 'CAIGA_Primus_150', 'China_Aviation_Industry_General_Aircraft', 'Dejen_Aviation_Engineering_Industry', 'Aviation_Industry_Computer-Based_Training_Committee', 'Stress_in_the_aviation_industry', 'Thai_Aviation_Industries', 'Microsoft_Windows', 'Aviation', 'Qods_Aviation_Industry_Company']"
Africa Travel,14,"['Spain', 'Central_European_Summer_Time', 'Africa_Travel_Association', 'Soul_music', 'Eastern_European_Summer_Time', 'Science_fiction', 'Tracey_Norman', 'West_Africa_Time', 'Eastern_European_Time', 'Mungo_Park_(explorer)']"
Cameras and Camcorders,845,"['PlayStation_Eye', 'Mars_Orbiter_Camera', 'Revere_Camera_Company', 'Underwater_videography', 'Single-camera_setup', 'Sousveillance', 'Colin_(film)', 'Murder_of_Daniel_Handley', 'Camera_Obscura_(2015_film)', ""Claire's_Camera""]"
Entertainment Industry,20,"['Entertainment_Industry_Foundation', 'Residual_(entertainment_industry)', 'Arcade_game', 'Bollywood', 'Silent_film', 'Jim_Chapman_(media_personality)', 'Entertainment', 'Hiding_in_Hip-Hop', 'Sex_industry', 'R_v_Department_of_Trade_and_Industry,_ex_parte_Broadcasting,_Entertainment,_Cinematographic_and_Theatre_Union']"
Beauty,561,"['The_Sleeping_Beauty_(1930_film)', 'Nature', 'Survivor:_Cagayan', 'The_Beauty_Queen_of_Leenane', 'Sexualization_in_child_beauty_pageants', 'Beauty_&_the_Beast_(2012_TV_series)', 'Oh_Uganda,_Land_of_Beauty', 'Beauty_and_the_Barge', 'Julia_Morley', 'Vengeful_Beauty']"
Oral care,219,"['Dental_surgery', 'Mucositis', 'Quip_(company)', 'Debridement_(dental)', 'Glossitis', 'Trismus', 'Buccal_bifurcation_cyst', 'Joe_Martin_(orangutan)', 'CAMBRA', 'List_of_Bobobo-bo_Bo-bobo_episodes']"
Smartphones,3642,"['Tecno_Camon_15', 'Panta_Rhei_(game_engine)', 'Tying_(commerce)', 'REX_OS', 'Samsung_Galaxy_M20', 'HTC_Desire_X', 'TeamViewer_(company)', 'Entertainment_Software_Rating_Board', 'Nokia_5800_XpressMusic', 'Selfie']"
Cats,2318,"['Bird_conservation', 'Home_(2003_film)', 'The_Tale_of_Ginger_and_Pickles', 'Pogeyan', 'Dave_Ellis_(game_designer)', 'Kākā', 'List_of_Secret_Squirrel_episodes', 'Tunga_penetrans', 'Yin_Yang_Yo!', 'California_Spangled']"
Auto Parts,72,"['Alsco_300_(Charlotte)', 'Central_European_Summer_Time', 'Transnistria_autonomous_territorial_unit', 'Chevrolet', 'NASCAR_Gander_RV_&_Outdoors_Truck_Series', 'Xkcd', 'Canada', 'Headlamp', ""O'Reilly_Auto_Parts_300_(fall_race)"", 'AutoZone_Park']"
Europe Travel,40,"['Italy', 'Greece', ""Frommer's"", 'World_Travel_Monitor', 'England', 'Transport_in_Europe', 'Switzerland', 'Turkey', 'Netherlands', 'Serbia']"
Fitness and Exercise,736,"['Water_intoxication', 'Abdominal_exercise', 'Immediate_Response_2008', 'Carbohydrate_metabolism', 'Health_effects_of_physical_exercise', 'Blue_Flag_(Israeli_Air_Force_exercise)', 'Adolescent_health', 'Schmelz_(Vienna)', 'Palpitations', 'Pawina_Thongsuk']"
Dating,145,"['Adult_dating_website', 'Truth_Channel', 'R.W.D._Molenbeek', 'Lichenometry', 'Speed-dating', 'Arranged_marriage', 'Celebs_Go_Dating', 'List_of_college_athletics_championship_game_outcomes', 'Courtship_in_the_Philippines', 'Timeline_of_online_dating_services']"
Home Entertaining,2,"['Ontario', 'New_York_City']"
Van,962,"['Weiwang_M20', 'Nancy_Skinner_Nordhoff', 'PIT_maneuver', 'DAF_46', 'Kallar_Syedan', 'D__1', 'Nissan_AD__Van_Y11__1', 'Prince_Skyway', 'Ford_Falcon_(XM)', 'Single-deck_bus']"
Flower Shopping,3609,"['Gynoecium', 'Betula_pubescens', 'Spathiphyllum_floribundum', 'Garland', 'Poaceae', 'Acer_ginnala', 'Buckleya_distichophylla', 'Duboisia', 'Peridiscaceae', 'Seychelles_black_parrot']"
Bath and Shower,650,"['Caravan_(trailer)', 'John_Bath', 'Trenhotel', 'James_R._Bath', 'Royal_National_Hospital_for_Rheumatic_Diseases', 'Merton_Russell-Cotes', 'Showers', 'List_of_Desert_Island_Discs_episodes_(1991–2000)', 'Elizabeth_Thynne,_Marchioness_of_Bath', 'Robert_Bath']"
Media Industry,24,"['Ministry_of_Communication_Equipment_Industry_(Soviet_Union)', 'Entertainment', 'International_Federation_of_the_Phonographic_Industry', 'Hans_Magnus_Enzensberger', 'Coalition_for_Innovative_Media_Measurement', 'Trade_magazine', 'Screenwriter', '3i', 'Australian_Interactive_Media_Industry_Association', 'Insurance']"
Gardening,667,"['Pacific_Magazines', 'Screwfix', 'International_School_of_Boston', 'Angelo_DiGeorge', 'Mother_Earth_News', 'Clematis_lanuginosa', 'Iditarod_Trail_Sled_Dog_Race', 'Nomenclature', 'List_of_Desert_Island_Discs_episodes_(1961–1970)', 'Einöllen']"
Fashion Events,5,"['List_of_fashion_events', 'New_York_City', 'Paris', 'Job_or_No_Job', 'Fashion_week']"
Road-Side Assistance,6,"['North_Carolina_Education_Lottery_200_(Rockingham)', 'Estonia', 'Crewe_Alexandra_F.C.', 'Lane_departure_warning_system', ""List_of_Dexter's_Laboratory_episodes"", 'Pitcher']"
Bars & Restaurants,5374,"['Warriparinga', 'Jesus', 'Claim_Jumper', 'Mugaritz', 'Building', 'The_Blues_Brothers', 'Wine_bar', 'Boathouse', 'Bar-crested_antshrike', 'List_of_bean-to-bar_chocolate_manufacturers']"
Camping,1294,"['Fort_Resolution', 'Alafia_River_State_Park', 'LaGrave_Field', 'Huntersville_State_Forest', 'Union,_Connecticut', 'Estadio_El_Campín', 'Guy_Gruters', 'Brynrefail', 'Pueblo_Mountains', 'Mountain_Warehouse']"
College Education,482,"['Charles_Sturt_University', 'Helderberg_College_of_Higher_Education', 'Nyíregyháza', 'University_of_Lincoln', 'Student_rights_in_higher_education', 'Gosforth_Academy', 'Halesowen_College_of_Further_Education', 'Notre_Dame_High_School,_Glasgow', 'Education_in_Kentucky', 'Eminata_Group']"
Coupe,1571,"['Bugatti_Centodieci', 'Audi_Coupé', 'Aston_Martin_DB9', 'Subaru_Alcyone_SVX', 'Noble_M15', 'Mazda_RX-7__First_generation_SA__1', 'Renault_Reinastella', 'Pillar_(car)', 'Iso_Rivolta_IR_300', 'Lotus_Elite__Type_14__1']"
Nail Care,3,"['Manicure', 'Environmental_impact_of_pharmaceuticals_and_personal_care_products', 'List_of_Medknow_Publications_academic_journals']"
Children's Games and Toys,961,"[""Children's_Toy"", 'String_(structure)', 'Pullstring', 'Sui_Jianguo', 'Pixiphone', 'Witmark', 'A_Quiet_Week_in_the_House', 'Fyndiq', 'Atollo', 'Star_Bird']"
Convertible,949,"['Ford_Thunderbird', 'The_Guvernment', 'AMC_Concord__AMC_Concord__1', 'Alpine_A110', 'Plymouth_GTX', 'Apollo_GT', 'Mercedes-Benz_S-Class_(C217)', 'Nissan_Skyline', 'Mitsubishi_Colt', 'Elva_(car_manufacturer)']"
Zoos & Aquariums,1700,"['Ken_Sugimori', 'Guangzhou_Chimelong_Tourist_Resort', 'Franklin_Park_(Boston)', 'Animal_Exploration_with_Jarod_Miller', 'Indianapolis_Zoo', 'Billy_Smart_Jr.', 'Fear_of_mice_and_rats', 'Celtic_Reptile_&_Amphibian', 'Dehiwala-Mount_Lavinia', 'Miller_Park_Zoo']"
Hospitality Industry,476,"['Maurizio_Vasco', 'Politics_of_Guam', 'Next_Generation_EU', 'William_B._Travis_High_School_(Austin,_Texas)', 'Seven_Stars_Luxury_Hospitality_and_Lifestyle_Awards', 'Tabung_Haji', 'Washington_metropolitan_area', 'Marriott_International', 'Jan_Carlzon', 'Emotional_labor']"
Prom,454,"['Cumberland,_Rhode_Island', 'List_of_Teen_Titans_(TV_series)_characters', 'Lacey_Township,_New_Jersey', 'Pilgrim_High_School', 'Rock,_Rock,_Rock!_(film)', 'List_of_Rescue_911_episodes', 'The_Ultimate_Prom_Nite', 'Sarah_Clarke', 'Pierre_Bernard_(comedian)', 'Astor_House_Hotel_(Shanghai)']"
Home Improvement,21,"['Home_improvement', 'Handy_Andy_Home_Improvement_Center', 'Home_improvement_center', 'Home_Improvement:_Power_Tool_Pursuit!', 'List_of_Home_Improvement_characters', 'Anglian_Home_Improvements', 'New_York_City', ""Aikenhead's_Hardware"", 'Home_Shopping_Network', 'Home_Improvement_Programme']"
Household Supplies,3,"['Self-supply_of_water_and_sanitation', 'New_Jersey', 'Mains_electricity']"
Education industry,22,"['National_Tertiary_Education_Union', 'Education', 'Department_of_Industry,_Innovation,_Climate_Change,_Science,_Research_and_Tertiary_Education', 'New_York_City', 'Activism', 'List_of_Parliamentary_Secretaries_of_Ireland', 'Business-education_partnerships', 'Microsoft_Windows', 'Hamhŭng_University_of_Chemical_Industry', 'Council_for_Industry_and_Higher_Education']"
Holiday Shopping,3,"['Christmas_and_holiday_season', 'Shipping_holiday', 'Retail']"
Motorcycles,3878,"['Honda_Bravo', 'Big_Jake', 'List_of_Kamen_Rider_W_characters', 'Master_link', 'Yamaha_XJR400', 'Runner_Automobiles', 'Coventry_Transport_Museum', 'Powerland_Heritage_Park', 'Honda_CR250M', 'List_of_Laverda_Motorcycles']"
Dining Out,8,"['List_of_Home_Improvement_episodes', 'Winger_(ice_hockey)', 'Babylon_5_(franchise)', 'List_of_Camp_Lazlo_episodes', 'Professional_wrestling_aerial_techniques', 'Al_fresco_dining', 'Over_It_(album)', 'Dining_in']"
Makeup and Accessories,173,"['Fashion_accessory', 'Motorcycle_accessories', 'Spinal_root_of_accessory_nerve', 'Prosthetic_makeup', 'M26_Modular_Accessory_Shotgun_System', 'Supplementary_motor_area', 'DNA', 'Foundation_(cosmetics)', 'Accessory_obturator_nerve', 'Seminal_fluid_protein']"
Smart Home,28,"['Thread_(network_protocol)', 'Duke_Smart_Home', 'List_of_Dove_Medical_Press_academic_journals', 'PLDT_Home_Fibr_Hitters', 'Brinks_Home_Security', 'home_office', 'Social_distancing', 'List_of_I_Am_Weasel_episodes', 'New_York_City', 'List_of_Home_and_Away_characters_(1988)']"
Travel Accessories,1,['Science_fiction']
Auto Type,31,"['Autotype', 'Autoimmune_polyendocrine_syndrome_type_1', 'AK-47', 'Green Vehicles', 'Luxury Cars', 'Cassette_tape', 'Incremental_search', 'Paperback', 'Vehicle', 'Familial_dysautonomia']"
Perfume and Fragrance,757,"['Spice_use_in_Antiquity', 'Svalbardbutikken', 'Clothing_in_the_ancient_world', 'Magnoliids', 'Impulse_(body_mist)', 'Scouring_powder', 'The_Case_of_the_Howling_Dog', 'Phototoxin', ""Reb'l_Fleur"", 'The_Secret_of_Red_Gate_Farm']"
Single Life,127,"['List_of_Naruto_episodes', 'Lift', ""2005_Pacific_Life_Open_–_Men's_Singles"", 'Hadiqa_Kiani', 'List_of_The_Simple_Life_episodes', 'Dropkick_Murphys', ""2006_Pacific_Life_Open_–_Men's_Singles"", 'Live_single-cell_imaging', 'Leading', 'Love_of_My_Life_(Queen_song)']"
Telecommunications Industry,2738,"['Air-ground_radiotelephone_service', 'Helpline_Telecoms_Nigeria_Limited', 'Bell_Telephone_Company', 'Connect.com.au', 'CMOS_amplifier', 'University_College_Cork', 'Tellme_Networks__,_Inc.__1', 'Unbalanced_line', 'Hydraulic_(disambiguation)', 'Delta_(company)']"
Automotive Industry,2198,"['Sazgar', 'Superior_Essex', 'Car_chase', 'Modern_Machine_Shop', 'List_of_Top_Automotive_manufacturing_groups', 'Carsite', 'Urgent.ly', 'Lozier', 'Hyzon_Motors', 'Techrules']"
North America Travel,47,"['Colombia', 'Eastern_Time_Zone', 'Netherlands', 'Uruguay', 'English_language', 'Scotland', 'Los_Angeles', 'Gelechiidae', 'Germany', 'Pennsylvania']"
Home Security,82,"['National_Security_and_Homeland_Security_Presidential_Directive', 'DHS_Border_and_Maritime_Security_Division', 'Department_of_Homeland_Security_Office_of_Inspector_General', 'List_of_Saturday_Night_Live_commercial_parodies', 'Center_for_Homeland_Defense_and_Security', 'Homeland_Security_USA', 'United_States_Senate_Homeland_Security_Subcommittee_on_Regulatory_Affairs_and_Federal_Management', 'Ministry_of_Security_and_Public_Administration', 'United_States_Department_of_Homeland_Security', 'Vulnerability_(computing)']"
Malls & Shopping Centers,1269,"['Harbor_Square', 'Southlands_(Aurora,_Colorado)', 'White_Oaks_Mall', 'Northgate_Shopping_Centre', 'The_Shops_at_Hilltop', 'Brent_Cross_Shopping_Centre', 'Music_City_Mall_(Lewisville,_Texas)', 'Anglia_Square_Shopping_Centre,_Norwich', 'Auburn_Mall_(Alabama)', 'Pruneyard_Shopping_Center']"
Luxury Cars,12,"['Executive_car', 'Luxury_vehicle', 'Slutever_(TV_series)', 'Luxury_Car_Tax', 'Compact_executive_car', 'Cadillac_Urban_Luxury_Concept', 'Sport_utility_vehicle', 'Hatchback', 'Luxury_Car_(film)', 'Personal_luxury_car']"
Barbecues and Grilling,1218,"['Cuisine_of_Quebec', 'New_Haven-style_pizza', 'Guinea_pig', 'New_York_Noise', 'List_of_Special_A_episodes', 'Ham_and_eggs', ""Gilley's_Saloon"", 'Hillside_Dams', 'List_of_sausages', 'Christmas_on_the_River']"
Parks & Nature,10938,"['Willie_Park_Sr.', 'Manú_National_Park', 'Lake_on_the_Mountain_Provincial_Park', 'Smith_Park', 'Rodondo_Island', 'Madonie_Regional_Natural_Park', 'Duck_Creek_Park', 'Malanda_Falls_Conservation_Park', 'Country_Life_Park', 'Somerton_Park']"
Tablets and E-readers,293,"['Rongorongo_text_L', 'Tablet_(religious)', 'Rongorongo_text_W', 'Ebla_tablets', 'Sublingual_administration', 'Electronic_dictionary', 'Rongorongo_text_H', 'Jehoash_Inscription', 'Amazon_Kindle', 'Tablet_of_Visitation']"
Personal Celebrations & Life Events,34,"['Global_catastrophic_risk', 'List_of_Winx_Club_episodes', 'Ed_Ames', 'Anti-abortion_violence', 'Graduation', 'Non-epileptic_seizure', 'Brief_resolved_unexplained_event', 'Pokémon_Go_live_events', 'Diary_of_George_Fletcher_Moore', 'Anthony_Evans_(singer)']"
Hotel Properties,5384,"['Hilton_Buenos_Aires', 'List_of_tallest_buildings_in_Denmark', 'Koryo_Hotel', 'Digby_Pines_Golf_Resort_and_Spa', 'JW_Marriott_Jakarta', 'Ottawa_Marriott_Hotel', 'Nuremberg', 'Eunice_Gray', 'Grand_Hotel_(Torquay)', 'Baldwin_Hotel_(San_Francisco)']"
Green Vehicles,13,"['Green_Vehicles', 'Railpower_GG20B', 'Vehicle_registration_plates_of_Denmark', 'Plant', 'Lotus_Cars', 'Vehicle_insurance', 'Los_Gatos,_California', 'Marais_Poitevin', 'Electric_vehicle', 'OScar']"
Birds,1420,"['Walter_Bird_(photographer)', 'Black-crowned_night_heron', 'Speedbird', 'Jeeves_and_the_Greasy_Bird', 'Okhla_Sanctuary', ""Empress_of_Germany's_bird_of_paradise"", 'Puffin', 'Rhea_(bird)', 'Hayley_Sales', 'Ugly_Beautiful']"
Minivan,678,"['Nissan_Forum', 'Haima_7X', 'Thanaleng_railway_station', 'Transport_in_Thailand', 'Car_door', 'GAZ_Sobol', 'Pickup_truck', 'Mercury_Villager__Second_generation__1', 'Lada_Nadezhda', 'Joylong_A-series']"
Deodorant and Antiperspirant,163,"[""'Odaban'"", 'Monolaurin', 'H.U.R.L.', 'Oblivion_(roller_coaster)', 'List_of_unusual_deaths', 'Hydroxymethylpentylcyclohexenecarboxaldehyde', 'Anti-persperant', 'Speed_Stick', 'Pepé_Le_Pew', 'Timeline_of_United_States_inventions_(1890–1945)']"
Outdoor Activities,2,"['Outdoor_recreation', 'Urination']"
Shaving,130,"['Sikhism', 'Red_Meat_(comic_strip)', 'Smokvica', 'Obelix_and_Co.', 'Stubble', 'Clean-shaven', 'John_Rambo', 'Shaved', 'Hidradenitis_suppurativa', 'The_Unexpurgated_Code']"
Rail Travel,21,"['Rail_transport', 'Indian_Railways_coaching_stock', 'Rail_transport_in_Great_Britain', 'CIV_(rail_travel)', 'Canadian_Museum_of_Rail_Travel', 'Southwind_Rail_Travel_Limited', 'Indian_Railways', 'History_of_rail_transport', 'Museum_of_Rail_Travel', 'Transit_pass']"
Financial Industry,18,"['Emergency_Economic_Stabilization_Act_of_2008', 'New_York_City', 'Automotive_industry_crisis_of_2008–2010', 'Offshore_financial_centre', 'Financial_services_in_the_United_Kingdom', 'Economy_of_Manchukuo', 'International_Financial_Services_Centre', 'Financial_services', 'Financial_Industry_Regulatory_Authority', 'Economy_of_China']"
Non-Alcoholic Beverages,6,"['Eudicots', 'Non-alcoholic_drink', 'Alcohol', 'City', 'Animal', 'Low-alcohol_beer']"
Cooking,950,"['Great_British_Menu', 'Basting_(cooking)', 'In_the_Kelvinator_Kitchen', 'List_of_sauces', 'MasterChef_Greece', 'James_Beard_Foundation_Award:_2000s', 'Human', 'MasterChef_India_–_Tamil_(season_1)', 'Cook_(profession)', 'Frontiersmen_Camping_Fellowship']"
Museums & Galleries,5861,"['Ashgabat_National_Museum_of_History', 'Erich_Kästner_Museum', 'EAA_Aviation_Museum', 'Paestum', ""Musée_d'art_contemporain_de_Montréal"", 'Natural_History_Museum_of_the_Lesvos_Petrified_Forest', 'Nautical_Museum_of_Crete', 'Baroda_Museum_&_Picture_Gallery', 'Museum_of_Post_and_Telecommunications', 'Manx_Aviation_and_Military_Museum']"
Sedan,1961,"['Chevrolet_210', 'BMW_5_Series_(G30)', 'Bugatti_EB_112', 'Honda_Civic_Type_R', 'Mazda6__First_generation_GG1__1', 'KB__1', 'Geely_Emgrand__Fourth_generation_SS11__1', 'Wheelbase', 'Toyota_concept_vehicles_(1980–1989)', 'Mercury_Montego']"
Primary Education,53,"['Primary_education_in_Wales', 'Croatia', 'Directorate_of_Primary_Education', 'Education_in_Singapore', 'Leeds', 'New_York_City', 'Downtown_Primary_School,_Elementary_Arts_Educational_Institution_and_Logopedical_Institute', 'Primary_school', 'Middle_school', 'OMICS_Publishing_Group']"
Technology Industry,75,"['Washington_Technology_Industry_Association', 'Taipei_City_University_of_Science_and_Technology', 'Department_of_Industry,_Technology_and_Regional_Development', 'Fortune_Institute_of_Technology', 'Committee_on_Transport,_Industry,_Communications,_Energy,_Science,_and_Technology', 'Sexism_in_the_technology_industry', 'Museum_of_Technology_and_Textile_Industry', 'Trinidad_and_Tobago', 'Zoomlion', 'Oneida_Institute']"
Space and Astronomy,4986,"['Lewis_Boss', 'Aomawa_Shields', 'Friedrich_Georg_Wilhelm_von_Struve', 'Johann_Wilhelm_Meigen', 'Antonio_Manetti', 'Medieval_weights_and_measures', 'Stability_of_the_Solar_System', 'University_of_the_West_Indies', ""Brian_O'Leary"", 'Multiverse']"
Land and Farms,3814,"['A_Land_of_Pure_Delight', 'Diepflingen', 'John_Forsythe', 'EarthGang', 'Renewable_energy', 'Trusts_of_Land_and_Appointment_of_Trustees_Act_1996', 'Anthems_in_Animal_Farm', 'Kadoorie_Farm_and_Botanic_Garden', 'Spangler–Benner_Farm', 'Farm_to_Market_Road_78']"
World Cuisines,18,"['Fast_food', 'Central_European_Time', ""Bocuse_d'Or"", 'South_Africa', 'Russia', 'Germanic_peoples', 'Iran', 'India', 'New_York_City', 'World_War_II']"
Remodeling & Construction,2804,"['Timiș_County', 'Yuriy_Molchanov', 'Čakovec', 'BRVM_Composite', 'International_University_of_Japan', 'The_Korek_Mountain_Resort_&_Spa', 'Larsen_&_Toubro', 'List_of_National_Historic_Landmarks_in_Kansas', 'Asahi_Beer_Hall', 'Dust_mask']"
Apparel Industry,5,"['Microsoft_Windows', 'American_Apparel_&_Footwear_Association', 'Los_Angeles', 'Clothing_industry', 'Apparel_industry_of_Sri_Lanka']"
Board Games and Puzzles,605,"['Word_polygon', 'Starship_Troopers_(board_wargame)', 'Safecracker:_The_Ultimate_Puzzle_Adventure', 'Invasion:_Earth_(board_game)', 'Ambush!', 'A_Game_of_Thrones_(board_game)', 'The_Puzzle_of_the_Red_Orchid', 'Escape_from_Atlantis', 'Puzzle_de_Harvest_Moon', 'Camelot_(board_game)']"
Women's Shoes and Footwear,649,"['Costume_National', 'Tapout_(clothing_brand)', ""1994_European_Athletics_Championships_–_Women's_shot_put"", ""Athletics_at_the_2008_Summer_Paralympics_–_Women's_shot_put_F35–36"", 'Converse_(lifestyle_wear)', 'Maison_Kitsuné', 'Raebareli_district', 'De_Bijenkorf', 'Columbia_Sportswear', 'Chap_boot']"
Logistics and Transportation Industry,1755,"['Combat_service_support', 'Design_manufacture_service', 'Future_Group', 'Royal_B._Lord', 'Rumo_Logística', 'Wine_Australia', 'Transport_and_Logistics_Centre', 'KeepTruckin', 'Bolloré_Logistics', 'Correos_de_México']"
Birthday,278,"['Living_Church_of_God', 'Egging', 'SchleFaZ', 'List_of_birthday_songs', 'Order_of_Leopold_II', 'Soul', 'Birthday', 'Iqbal_Day', 'B_day', 'Name_days_in_Slovakia']"
Food Industry,39,"['Canning', 'Frozen_food', 'Dietary_supplement', 'Ministry_of_Agriculture,_Food_Industry_and_Melioration_(Kyrgyzstan)', 'Food_industry_in_Bangladesh', 'Food_Industry_Centre', 'Impact_of_the_2019–20_coronavirus_pandemic_on_the_food_industry', 'Ministry_of_Agriculture,_Regional_Development_and_Environment_(Moldova)', 'Animal_feed', 'Ministry_of_Light_Industry']"
Daycare and Pre-School,440,"['Arizona_State_University', 'University_of_Kassel', 'Faculdade_de_Medicina_de_Ribeirão_Preto', 'Barts_and_The_London_School_of_Medicine_and_Dentistry', 'Bellarmine_Preparatory_School', 'Nanjing', 'Baylor_University', 'Surat', 'San_Francisco_Unified_School_District', 'Landry-Walker_College_and_Career_Preparatory_High_School']"
Men's Clothing,7,"['CFB_Halifax_Cashspiel', 'Suit', 'Undergarment', ""Men's Casual Wear"", 'Clothing', 'Thong', ""Men's Formal Wear""]"
SUV,1082,"['Kia_Stonic', 'Lynk_&_Co_01', 'Chibombo_bus_crash', 'Emil_Kyulev', 'Truck_classification', 'List_of_Mitsubishi_Motors_vehicles', 'Kia_Stonic__YB_CUV__1', 'Volkswagen_Tiguan__Volkswagen_Tiguan__1', 'Land_Rover_Freelander', 'Chevrolet_S-10_Blazer__First_generation__1']"
Casinos & Gambling,2059,"['Dixie_Mafia', 'Rook_(card_game)', 'Sohu', 'Dedicated_deck_card_game', 'Minor_(law)', 'History_of_gambling_in_the_United_Kingdom', 'Christopher_Hemmeter', 'Bo_McMillin', 'Lee_Iacocca', 'History_of_vice_in_Texas']"
Retail Property,7,"['Novion_Property_Group', 'Christian–Patterson_Rental_Property', 'InvenTrust_Properties', 'Sharing_economy', 'Rental_Directive', 'OMICS_Publishing_Group', 'Renting']"
Retail Industry,16,"['Floral_industry', 'Retail_Motor_Industry_Federation', 'Microsoft_Windows', 'Eisner_Award', 'Fashion', 'Retail', 'Business_cluster', 'Shipbuilding', 'Fuel_Retailers_Association_v_Motor_Industry_Bargaining_Council', 'Los_Angeles']"
Healthcare Industry,194,"['Radiometer_(company)', 'Mike_Long_(American_businessman)', 'Thangjam_Dhabali_Singh', 'Hall_Render', 'Affordable_Care_Act', 'CVS_Health', 'Health_care_prices_in_the_United_States', 'Sun_Capital_Partners', 'Health_care_efficiency', 'Pay_for_performance_(healthcare)']"
Games and Puzzles,6606,"['Agent_A:_A_Puzzle_in_Disguise', 'The_Sims_2', 'Cornish_game_hen', 'WarCry_(game)', 'Exergaming', 'List_of_big-game_hunters', 'Dino_Crisis', 'Jackal_(video_game)', 'The_Great_Game_of_Politics', 'Sonic_Chronicles:_The_Dark_Brotherhood']"
Desserts and Baking,460,"['Worst_Cooks_in_America', 'William_Wongso', 'Unifine_mill', 'List_of_American_breads', 'How_to_Cook_That', 'Max_Felchlin', ""Nun's_puffs"", 'Compact_Disc_manufacturing', 'Scotch_egg', 'Red_Star_Yeast']"
Apartments,1781,"['Sheffield_Inn', 'Carteret_County_Home', 'Ockham,_Surrey', 'Fraser_Mansion', 'Årvoll', 'Sharon_Gaetz', 'Taman_Tun_Sardon', 'Blue_Quill,_Edmonton', 'Palisades_Amusement_Park', 'Spruce_Avenue,_Edmonton']"
Wedding,921,"['CHIJMES', 'Comfit', 'Jewish_views_on_contraception', 'Honor_attendant', 'Lanes_and_arcades_of_Melbourne', 'Birthday_cake', 'Mdundiko', 'Achayans', 'Engagement', 'Ordination_of_women']"
Large Animals,15,"['Arthropod', 'Animal_husbandry', 'List_of_E._Schweizerbart_serials', 'Michigan', 'Large_Animal_Games', 'Chordate', 'Beetle', 'Largest_organisms', 'Ground_beetle', 'Insect']"
Desktops,169,"['MacOS', 'Copernic', 'HP_9800_series', 'KDE_Software_Compilation', 'Windows_Desktop_Update', 'Desktop_outsourcing', 'Apple_Desktop_Bus', 'Digital_pet', 'Ambient_(desktop_environment)', 'IRIX_Interactive_Desktop']"
Laptops,1111,"['2.4_GHz_radio_use', 'Graphite', 'Computer_repair_technician', 'Economy_of_Argentina', 'Notebook_Computer', 'A_Guy_Called_Gerald', 'Beaumont_Street_Studios', 'Zenith_SupersPort', 'Apple_Certified_Desktop_Technician', 'Remote_administration']"
Home Appliances,9,"['Cooking', 'Ontario', 'BSH_Hausgeräte', 'Home_appliance', 'Association_of_Home_Appliance_Manufacturers', 'Home_network', 'Soda_machine_(home_appliance)', 'New_York_City', 'Lewis_(lifting_appliance)']"
Hotels and Motels,5472,"['Augustine_Beach_Hotel', 'Malmaison_Hotel,_Reading', 'Fire_in_the_Thatch', 'A_Night_in_Heaven', 'Prostitution_in_India', 'Silver_Legacy_Reno', 'Seabank_Hotel', 'The_Westin_Singapore', 'Super_8_(hotel)', 'Villa_Elena_Hotel']"
Awards Shows,56,"['List_of_awards_and_nominations_received_by_The_Mary_Tyler_Moore_Show', 'The_Lone_Gunmen_(TV_series)', 'Canadian_Country_Music_Association', 'Girls_(TV_series)', 'Judy_Ann_Santos', 'List_of_programs_broadcast_by_BET', 'GLAAD_Media_Award', 'Daytime_Emmy_Award_for_Outstanding_Game_Show', 'Bailey_Jay', 'Sean_Penn']"
Parenting,42,"['Why_Have_Kids%3F', 'Child_discipline', 'Tiger_parenting', 'Attachment_parenting', 'Time-out_(parenting)', 'Painting', 'LGBT_parenting', 'Endocrinology_of_parenting', ""Fathers'_rights_movement"", 'Alfie_Kohn']"
Auto Body Styles,22,"['England_national_football_team', 'Station Wagon', 'Station_wagon', 'Italianate_architecture', 'Arthropod', 'Alternative_rock', 'SUV', 'Sedan', 'Malacostraca', 'Minivan']"
Houses,9166,"['The_House_Across_the_Lake', ""Florida's_1st_congressional_district"", 'Meadow_Lake,_Saskatchewan', 'Mason–Drennen_House', 'Beach_House_(disambiguation)', ""California's_18th_congressional_district"", 'Harcourt_House,_London', 'Holt_House', 'Thomas_Davis_House', '2014_United_States_House_of_Representatives_election_in_Vermont']"
Beach Travel,8,"['Rail_transport_in_Great_Britain', 'Virginia', 'Thank_Your_Lucky_Stars_(Beach_House_album)', 'Beechcraft_Travel_Air', 'List_of_Walt_Disney_Animation_Studios_short_films', 'Holland_(album)', 'This_Is_a_Long_Drive_for_Someone_with_Nothing_to_Think_About', 'Science_fiction']"
Auto Repair,10,"['Aircraft_maintenance', 'Automobile_repair_shop', 'California_Bureau_of_Automotive_Repair', 'Comparison_of_Auto_Repair_Shop_Management_Systems', 'List_of_auto_dealership_and_repair_shop_buildings', 'Vehicle_insurance', 'Auto_mechanic', 'MAACO', 'Automatic_bug_fixing', 'Anterior_cruciate_ligament_reconstruction']"
Polar Travel,3,"['Science_fiction', 'List_of_Russian_explorers', 'Beetle']"
Women's Clothing,13,"['Clothing', 'Inca_society', 'Thong', 'Nudity', ""Trousers_as_women's_clothing"", ""Women's_clothing_in_China"", 'Gaelic_Ireland', 'Women_in_Iran', 'Banana_Republic', 'Suit']"
South America Travel,43,"['Union_(American_Civil_War)', 'Italy', 'Americans', 'Japan', 'Indiana', 'England', 'Bolivia', 'Pakistan', 'History_of_slavery', 'Venezuela']"
Office Property,37,"['Lost_Property_Office_(2017_film)', 'Intellectual_Property_Office', 'Intellectual_Property_Office_(Philippines)', 'Netherlands_Patent_Office', 'National_Institute_of_Industrial_Property_(France)', 'Benelux_Office_for_Intellectual_Property', 'Intellectual_Property_Office_of_New_Zealand', 'State_Intellectual_Property_Office_(Croatia)', 'Property_crime', 'Township_(United_States)']"
Comedy Events,2,"['Comedy', 'Television_special']"
Reptiles,2608,"['National_Zoological_Gardens_of_Sri_Lanka', 'Pieris_brassicae', 'Eomurruna', 'Infrared_lamp', 'Fauna_of_Toronto', 'Sex_organs_of_reptiles', 'Steganoposaurus', 'El_Arenal,_Jalisco', 'Jeremiah_8', 'Mammal']"
Pickup Trucks,19,"['Ford_F-Series', 'Ram_Pickup', 'Pickup_truck', 'Aerial_work_platform', 'Tesla_Cybertruck', 'Cessna_188', 'Luxury_vehicle', '2009_Pickup_Truck_Racing', 'Tough_as_a_Pickup_Truck', 'Toyota_Hilux']"
Alcoholic Beverages,65,"['Massachusetts_Alcoholic_Beverage_Control_Commission', 'Babine_(alcoholic_drink)', 'Alcohol_and_cancer', 'Spritz_Veneziano', 'Beer', 'Alcoholic_beverage_industry_in_Europe', 'Alcoholic_drinks_in_Sweden', 'History_of_alcoholic_drinks', 'Cocktail', 'Non-alcoholic_drink']"
Card Games,449,"['Battle_of_the_Sexes_(radio_contest)', 'Pirates_of_the_Caribbean_Trading_Card_Game', 'Machiavelli_(Italian_card_game)', 'Harry_Potter_Trading_Card_Game', 'Towie_(card_game)', 'Pokémon_Trading_Card_Game', 'Glossary_of_card_game_terms', 'The_Comeback_(American_football)', 'List_of_Stargate_games', 'Oh_Hell']"
Auto Rentals,9,"['Automatic_ring_back', 'ATL_SkyTrain', 'Car_rental', 'OMICS_Publishing_Group', 'UNOH_175', 'NorthernTool.com_250', 'Dollar_Thrifty_Automotive_Group', 'Sixt', 'Photo_booth']"
Cruises,278,"['Grand-class_cruise_ship', 'Golden_Princess_(2000)', 'List_of_Ghost_in_the_Shell:_Stand_Alone_Complex_episodes', 'Breakaway-class_cruise_ship', 'Marina_Bay_Cruise_Centre_Singapore', 'Cruise_Terminal_light_rail_station', 'Jungle_Cruise_(film)', 'List_of_awards_and_nominations_received_by_Tom_Cruise', 'Flynn_Cruiseport_Boston', 'Thomas_Cruise_(footballer)']"
Cinemas and Events,1559,"['Library_event_planning', 'Justice_Sunday', 'The_Cinema_Guild', 'Event_television', 'Florence', 'Glen_Cinema_disaster', 'All-Ukrainian_Photo_Cinema_Administration', 'Tidal_disruption_event', ""2016_Wilde_Lexus_Women's_USTA_Pro_Circuit_Event_–_Doubles"", 'Cinema_Petit']"
Auto Shows,53,"['5-Hour_Energy_250', 'Turin_Auto_Show', 'Auto_mechanic', 'Geneva_Motor_Show', 'Nashville_International_Auto_and_Truck_Show', 'Lil_Uzi_Vert_vs._the_World_2', 'Auto_Guangzhou', 'Car_dealership', 'I_Faked_My_Own_Death', 'Washington_Auto_Show']"
Individual Brands,0,[]
Women's Formal Wear,153,"['Shadbelly', 'Kanzu', 'Black_tie', 'Alan_B._Gaylor', 'Lapel', 'Top_hat', 'Showmanship_(performing)', 'Black_lounge_suit', 'Black_Widow_(Natasha_Romanova)', 'C.banner']"
Women's Handbags and Wallets,192,"['Dollar_voting', ""2000–01_Nemzeti_Bajnokság_I_(women's_handball)"", 'Bitcoin', 'Drop_swindle', 'GrabYourWallet', ""Handball_at_the_2000_Summer_Olympics_–_Women's_tournament"", 'Easypaisa', ""2011–12_Liga_Națională_(women's_handball)"", 'Cody_Wilson', ""MKS_Zagłębie_Lubin_(women's_handball)""]"
Men's Casual Wear,102,"['Abercrombie_&_Fitch', 'Safety_Zone_(song)', 'Buff_(colour)', '1980s_in_fashion', 'Sneakers', 'Casual_attire', '1960s_in_fashion', 'Glossary_of_sewing_terms', 'U-Right', 'Tomas_Maier']"
Women's Jewelry and Watches,602,"['Charles_Gretton', 'Trench_watch', 'Borro_Private_Finance', 'Annual_calendar', 'Mechanical_watch', ""List_of_Who's_the_Boss%3F_episodes"", 'Solar-powered_watch', 'Geneva_drive', 'Piezoelectric_speaker', 'Coventry_UK_City_of_Culture_2021']"
Australia and Oceania Travel,3919,"['Immigration_to_Norway', 'Imma', 'Eber_Bunker', 'List_of_League_of_Legends_leagues_and_tournaments', 'Cane_toad', 'Australo-Melanesian', '2015–16_FC_Lorient_season', 'Christmas_imperial_pigeon', 'South_Island_Organ_Company', 'List_of_countries_by_GDP_(PPP)']"
Men's Formal Wear,153,"['1850s_in_Western_fashion', 'Young_Artist_Award', 'Wrapper_(clothing)', 'Wedding', 'Sovereign_Military_Order_of_Malta', 'Watch', 'Dressy', 'Focale', 'Back_closure', 'Fluxedo']"